{"cameraMode":{"drawMode":0,"name":"Shaded","section":"Shading Mode"},"sceneLighting":true,"audioPlay":false,"sceneViewState":{"showFog":false,"showMaterialUpdate":false,"showSkybox":false,"showFlares":false,"showImageEffects":false,"showParticleSystems":false},"in2DMode":false,"pivot":{"x":7.642119884490967,"y":5.4568891525268559,"z":-6.296828269958496},"rotation":{"x":0.13427229225635529,"y":-0.774736225605011,"z":0.17560513317584992,"w":0.5923834443092346},"size":29.88469123840332,"orthographic":false}