{"cameraMode":{"drawMode":0,"name":"Shaded","section":"Shading Mode"},"sceneLighting":true,"audioPlay":false,"sceneViewState":{"showFog":false,"showMaterialUpdate":false,"showSkybox":false,"showFlares":false,"showImageEffects":false,"showParticleSystems":false},"in2DMode":false,"pivot":{"x":-1.564373254776001,"y":-3.354903221130371,"z":4.045574188232422},"rotation":{"x":-0.09623975306749344,"y":0.8825575113296509,"z":-0.20647020637989045,"w":-0.4113980531692505},"size":41.86622619628906,"orthographic":false}