{"cameraMode":{"drawMode":0,"name":"Shaded","section":"Shading Mode"},"sceneLighting":true,"audioPlay":false,"sceneViewState":{"showFog":false,"showMaterialUpdate":false,"showSkybox":false,"showFlares":false,"showImageEffects":false,"showParticleSystems":false},"in2DMode":false,"pivot":{"x":4.869207382202148,"y":-1.4770092964172364,"z":7.196690559387207},"rotation":{"x":0.2265620082616806,"y":0.3268944323062897,"z":-0.08103537559509278,"w":0.9139273166656494},"size":36.10280227661133,"orthographic":false}