{"cameraMode":{"drawMode":0,"name":"Shaded","section":"Shading Mode"},"sceneLighting":false,"audioPlay":false,"sceneViewState":{"showFog":false,"showMaterialUpdate":false,"showSkybox":false,"showFlares":false,"showImageEffects":false,"showParticleSystems":false},"in2DMode":false,"pivot":{"x":-4.7946929931640629,"y":-0.035719599574804309,"z":3.980163335800171},"rotation":{"x":0.19899000227451325,"y":0.34694528579711916,"z":-0.07558006793260575,"w":0.9134167432785034},"size":13.27777099609375,"orthographic":false}