{"cameraMode":{"drawMode":0,"name":"Shaded","section":"Shading Mode"},"sceneLighting":true,"audioPlay":false,"sceneViewState":{"showFog":false,"showMaterialUpdate":false,"showSkybox":false,"showFlares":false,"showImageEffects":false,"showParticleSystems":false},"in2DMode":false,"pivot":{"x":-0.2802959084510803,"y":3.308401584625244,"z":-7.33128023147583},"rotation":{"x":0.35682499408721926,"y":0.3106379806995392,"z":-0.1271449625492096,"w":0.8717880845069885},"size":42.72431182861328,"orthographic":true}