{"cameraMode":{"drawMode":0,"name":"Shaded","section":"Shading Mode"},"sceneLighting":true,"audioPlay":false,"sceneViewState":{"showFog":false,"showMaterialUpdate":false,"showSkybox":false,"showFlares":false,"showImageEffects":false,"showParticleSystems":false},"in2DMode":false,"pivot":{"x":11.568788528442383,"y":5.6516947746276859,"z":6.393127918243408},"rotation":{"x":0.2265620082616806,"y":0.3268944323062897,"z":-0.08103537559509278,"w":0.9139273166656494},"size":22.0,"orthographic":false}