{"cameraMode":{"drawMode":0,"name":"Shaded","section":"Shading Mode"},"sceneLighting":true,"audioPlay":false,"sceneViewState":{"showFog":false,"showMaterialUpdate":false,"showSkybox":false,"showFlares":false,"showImageEffects":false,"showParticleSystems":false},"in2DMode":false,"pivot":{"x":-3.8661856651306154,"y":6.0065083503723148,"z":1.278415322303772},"rotation":{"x":0.18685509264469148,"y":0.4680151641368866,"z":-0.10195562243461609,"w":0.85771244764328},"size":18.851486206054689,"orthographic":false}