{"cameraMode":{"drawMode":0,"name":"Shaded","section":"Shading Mode"},"sceneLighting":true,"audioPlay":false,"sceneViewState":{"showFog":true,"showMaterialUpdate":true,"showSkybox":true,"showFlares":true,"showImageEffects":true,"showParticleSystems":true},"in2DMode":false,"pivot":{"x":1.8947736024856568,"y":6.304778099060059,"z":5.5065178871154789},"rotation":{"x":-0.13955265283584596,"y":-0.2389831393957138,"z":0.03473808243870735,"w":-0.9603286385536194},"size":28.173025131225587,"orthographic":false}