{"cameraMode":{"drawMode":0,"name":"Shaded","section":"Shading Mode"},"sceneLighting":true,"audioPlay":false,"sceneViewState":{"showFog":false,"showMaterialUpdate":false,"showSkybox":false,"showFlares":false,"showImageEffects":false,"showParticleSystems":false},"in2DMode":false,"pivot":{"x":4.509089946746826,"y":3.103327751159668,"z":4.841580390930176},"rotation":{"x":-0.06262699514627457,"y":0.9164658188819885,"z":-0.15855561196804048,"w":-0.36201485991477969},"size":3.6733884811401369,"orthographic":false}