{"cameraMode":{"drawMode":2,"name":"Shaded Wireframe","section":"Shading Mode"},"sceneLighting":true,"audioPlay":false,"sceneViewState":{"showFog":true,"showMaterialUpdate":false,"showSkybox":true,"showFlares":true,"showImageEffects":true,"showParticleSystems":true},"in2DMode":false,"pivot":{"x":-0.6342742443084717,"y":3.9829866886138918,"z":-5.826451778411865},"rotation":{"x":-0.07557924836874008,"y":0.9109401702880859,"z":-0.19302667677402497,"w":-0.3566766381263733},"size":28.434720993041993,"orthographic":false}