{"cameraMode":{"drawMode":0,"name":"Shaded","section":"Shading Mode"},"sceneLighting":true,"audioPlay":false,"sceneViewState":{"showFog":true,"showMaterialUpdate":false,"showSkybox":true,"showFlares":true,"showImageEffects":true,"showParticleSystems":true},"in2DMode":false,"pivot":{"x":0.5421556830406189,"y":-0.4859696626663208,"z":0.05513036251068115},"rotation":{"x":-0.0296847615391016,"y":-0.01018407754600048,"z":-0.00029776201699860394,"w":0.9995214343070984},"size":1.9517366886138917,"orthographic":false}