{"cameraMode":{"drawMode":0,"name":"Shaded","section":"Shading Mode"},"sceneLighting":true,"audioPlay":false,"sceneViewState":{"showFog":false,"showMaterialUpdate":false,"showSkybox":false,"showFlares":false,"showImageEffects":false,"showParticleSystems":false},"in2DMode":false,"pivot":{"x":-0.2793448567390442,"y":0.03492391109466553,"z":0.32613521814346316},"rotation":{"x":0.09410832077264786,"y":-0.2045794278383255,"z":0.019764192402362825,"w":0.9741203188896179},"size":4.891716003417969,"orthographic":false}