{"cameraMode":{"drawMode":1,"name":"Wireframe","section":"Shading Mode"},"sceneLighting":true,"audioPlay":false,"sceneViewState":{"showFog":false,"showMaterialUpdate":false,"showSkybox":false,"showFlares":false,"showImageEffects":false,"showParticleSystems":false},"in2DMode":false,"pivot":{"x":-1.2799484729766846,"y":-3.130200147628784,"z":-2.831012725830078},"rotation":{"x":-0.2706261873245239,"y":0.12147080898284912,"z":-0.03444515913724899,"w":-0.954376220703125},"size":18.406463623046876,"orthographic":false}